{
	"bomb": {
		"category" : "player",
		"sounds" : [ "flansmod:bomb" ]
	},

	"bullet": {
		"category" : "player",
		"sounds" : [ "flansmod:bullet" ]
	},

	"Engine": {
		"category" : "player",
		"sounds" : [ "flansmod:Engine" ]
	},

	"LancasterProp": {
		"category" : "player",
		"sounds" : [ "flansmod:LancasterProp" ]
	},

	"MG42Reload": {
		"category" : "player",
		"sounds" : [ "flansmod:MG42Reload" ]
	},

	"MG42Shoot": {
		"category" : "player",
		"sounds" : [ "flansmod:MG42Shoot" ]
	},

	"propSound": {
		"category" : "player",
		"sounds" : [ "flansmod:propSound" ]
	},

	"propStart": {
		"category" : "player",
		"sounds" : [ "flansmod:propStart" ]
	}
}